-- Users
INSERT INTO user_table (id, user_name, email, rating, password, user_city, user_country, user_state, registration_date) VALUES ('user_1', 'Alyssa Wright', 'rebeccalopez@crosby-harvey.com', 1140, '3%UZ4W4dP(', 'East Carly', 'Tonga', 'Kansas', TO_TIMESTAMP('2023-08-14 19:24:35', 'YYYY-MM-DD HH24:MI:SS'));
INSERT INTO user_table (id, user_name, email, rating, password, user_city, user_country, user_state, registration_date) VALUES ('user_2', 'Jacob Gaines', 'qswanson@harris-francis.biz', 1153, 'X7UJCm!x(Z', 'Aliciaside', 'Wallis and Futuna', 'North Dakota', TO_TIMESTAMP('2023-06-22 13:06:43', 'YYYY-MM-DD HH24:MI:SS'));
INSERT INTO user_table (id, user_name, email, rating, password, user_city, user_country, user_state, registration_date) VALUES ('user_3', 'Lauren Chavez', 'jwillis@king.biz', 2431, 'J+ah@9Bl78', 'Gomezchester', 'Cameroon', 'Alaska', TO_TIMESTAMP('2021-06-18 14:45:55', 'YYYY-MM-DD HH24:MI:SS'));
INSERT INTO user_table (id, user_name, email, rating, password, user_city, user_country, user_state, registration_date) VALUES ('user_4', 'Holly Martinez', 'gscott@yahoo.com', 2701, '+6NWixe*)x', 'South Kim', 'Bolivia', 'Montana', TO_TIMESTAMP('2025-07-11 10:11:07', 'YYYY-MM-DD HH24:MI:SS'));
INSERT INTO user_table (id, user_name, email, rating, password, user_city, user_country, user_state, registration_date) VALUES ('user_5', 'Sandra Davis', 'amandareed@montes.biz', 2864, '81kpkcIv_9', 'Rodriguezfurt', 'New Zealand', 'Vermont', TO_TIMESTAMP('2021-09-17 02:33:50', 'YYYY-MM-DD HH24:MI:SS'));
INSERT INTO user_table (id, user_name, email, rating, password, user_city, user_country, user_state, registration_date) VALUES ('user_6', 'David Paul', 'zschultz@hotmail.com', 2071, '*9fKpe%Y$s', 'Jasminchester', 'Cameroon', 'Florida', TO_TIMESTAMP('2022-03-07 08:19:04', 'YYYY-MM-DD HH24:MI:SS'));
INSERT INTO user_table (id, user_name, email, rating, password, user_city, user_country, user_state, registration_date) VALUES ('user_7', 'Justin George', 'sonyanelson@dominguez-adams.com', 2349, '51i5UT+pR*', 'Riveraberg', 'Tuvalu', 'Florida', TO_TIMESTAMP('2022-03-07 19:44:53', 'YYYY-MM-DD HH24:MI:SS'));
INSERT INTO user_table (id, user_name, email, rating, password, user_city, user_country, user_state, registration_date) VALUES ('user_8', 'Mark Calderon', 'gailperez@shaw.com', 1754, '*5A*4yyDWQ', 'West Rachelberg', 'Pitcairn Islands', 'Oregon', TO_TIMESTAMP('2020-05-07 10:53:29', 'YYYY-MM-DD HH24:MI:SS'));
INSERT INTO user_table (id, user_name, email, rating, password, user_city, user_country, user_state, registration_date) VALUES ('user_9', 'Brandon Lutz', 'john80@yahoo.com', 1958, 'Ff1*E!mw(!', 'Lake Barbarahaven', 'Lebanon', 'Oregon', TO_TIMESTAMP('2023-07-24 22:06:24', 'YYYY-MM-DD HH24:MI:SS'));
INSERT INTO user_table (id, user_name, email, rating, password, user_city, user_country, user_state, registration_date) VALUES ('user_10', 'Jennifer Villanueva', 'brianromero@gmail.com', 2047, 'i68RNH*F$3', 'Flemingberg', 'Belarus', 'Pennsylvania', TO_TIMESTAMP('2021-03-16 22:48:34', 'YYYY-MM-DD HH24:MI:SS'));
INSERT INTO user_table (id, user_name, email, rating, password, user_city, user_country, user_state, registration_date) VALUES ('user_11', 'Samantha Webb', 'pamela22@yahoo.com', 2142, '*6cZwRDt)h', 'Hillstad', 'Ireland', 'Montana', TO_TIMESTAMP('2025-02-25 02:09:55', 'YYYY-MM-DD HH24:MI:SS'));
INSERT INTO user_table (id, user_name, email, rating, password, user_city, user_country, user_state, registration_date) VALUES ('user_12', 'Brett Maxwell', 'deckerbrenda@romero.org', 2508, '_6l5Zp+jt5', 'Perrystad', 'French Polynesia', 'Wisconsin', TO_TIMESTAMP('2022-11-26 04:23:55', 'YYYY-MM-DD HH24:MI:SS'));
INSERT INTO user_table (id, user_name, email, rating, password, user_city, user_country, user_state, registration_date) VALUES ('user_13', 'Michael Reid', 'petersondaniel@jackson.com', 1101, 'N3Y+H1SaC6', 'Rossville', 'Montenegro', 'New York', TO_TIMESTAMP('2022-04-07 20:27:07', 'YYYY-MM-DD HH24:MI:SS'));
INSERT INTO user_table (id, user_name, email, rating, password, user_city, user_country, user_state, registration_date) VALUES ('user_14', 'Brittany Bennett', 'delgadoshelly@miranda-contreras.com', 1345, 'w@#2gQdG!l', 'Port Amandaside', 'Central African Republic', 'Idaho', TO_TIMESTAMP('2023-03-13 04:58:24', 'YYYY-MM-DD HH24:MI:SS'));
INSERT INTO user_table (id, user_name, email, rating, password, user_city, user_country, user_state, registration_date) VALUES ('user_15', 'Kayla Simmons', 'isabellavaughn@bolton.info', 1608, 'GTUNy5bw@9', 'Kayleemouth', 'Macao', 'Nebraska', TO_TIMESTAMP('2024-09-16 15:48:08', 'YYYY-MM-DD HH24:MI:SS'));
INSERT INTO user_table (id, user_name, email, rating, password, user_city, user_country, user_state, registration_date) VALUES ('user_16', 'James Price', 'xmontoya@green.com', 2337, 'E97CGT!w+x', 'Moranbury', 'Montserrat', 'Florida', TO_TIMESTAMP('2024-09-16 22:50:25', 'YYYY-MM-DD HH24:MI:SS'));
INSERT INTO user_table (id, user_name, email, rating, password, user_city, user_country, user_state, registration_date) VALUES ('user_17', 'Michael Miller', 'kristiebrown@sullivan.org', 2505, 'u8_2RHhc#_', 'Jasonmouth', 'Angola', 'Maine', TO_TIMESTAMP('2025-04-16 16:55:35', 'YYYY-MM-DD HH24:MI:SS'));
INSERT INTO user_table (id, user_name, email, rating, password, user_city, user_country, user_state, registration_date) VALUES ('user_18', 'Lisa Fischer', 'williamskimberly@gmail.com', 2461, '#6DPntemG1', 'Port Jamesshire', 'Honduras', 'Texas', TO_TIMESTAMP('2024-02-06 14:48:34', 'YYYY-MM-DD HH24:MI:SS'));
INSERT INTO user_table (id, user_name, email, rating, password, user_city, user_country, user_state, registration_date) VALUES ('user_19', 'Crystal Johnson', 'melissafaulkner@fisher.com', 2669, 'hO8AmC6oh#', 'Port William', 'Maldives', 'Mississippi', TO_TIMESTAMP('2021-09-04 06:56:47', 'YYYY-MM-DD HH24:MI:SS'));
INSERT INTO user_table (id, user_name, email, rating, password, user_city, user_country, user_state, registration_date) VALUES ('user_20', 'Matthew Willis', 'rebecca70@thompson.com', 2139, '*qT*HPSq0E', 'Briannamouth', 'South Africa', 'Georgia', TO_TIMESTAMP('2025-01-26 02:31:03', 'YYYY-MM-DD HH24:MI:SS'));

-- Friendships
INSERT INTO friendship (id_1, id_2) VALUES ('user_9', 'user_12');
INSERT INTO friendship (id_1, id_2) VALUES ('user_20', 'user_8');
INSERT INTO friendship (id_1, id_2) VALUES ('user_13', 'user_18');
INSERT INTO friendship (id_1, id_2) VALUES ('user_13', 'user_6');
INSERT INTO friendship (id_1, id_2) VALUES ('user_16', 'user_9');
INSERT INTO friendship (id_1, id_2) VALUES ('user_20', 'user_11');
INSERT INTO friendship (id_1, id_2) VALUES ('user_8', 'user_9');
INSERT INTO friendship (id_1, id_2) VALUES ('user_20', 'user_8');
INSERT INTO friendship (id_1, id_2) VALUES ('user_1', 'user_13');
INSERT INTO friendship (id_1, id_2) VALUES ('user_11', 'user_14');

-- Groups
INSERT INTO group_table (group_id, user_id_creator, group_name, group_type, is_private) VALUES (1, 'user_8', 'Perform Group 1', 'Hackathon', 0);
INSERT INTO group_table (group_id, user_id_creator, group_name, group_type, is_private) VALUES (2, 'user_3', 'Only Group 2', 'Project', 0);
INSERT INTO group_table (group_id, user_id_creator, group_name, group_type, is_private) VALUES (3, 'user_19', 'Today Group 3', 'Hackathon', 0);
INSERT INTO group_table (group_id, user_id_creator, group_name, group_type, is_private) VALUES (4, 'user_20', 'Fall Group 4', 'Hackathon', 1);
INSERT INTO group_table (group_id, user_id_creator, group_name, group_type, is_private) VALUES (5, 'user_17', 'Attorney Group 5', 'CP', 0);

-- User Participates in Groups
INSERT INTO user_participates_group (group_id, user_id) VALUES (1, 'user_15');
INSERT INTO user_participates_group (group_id, user_id) VALUES (1, 'user_12');
INSERT INTO user_participates_group (group_id, user_id) VALUES (1, 'user_10');
INSERT INTO user_participates_group (group_id, user_id) VALUES (1, 'user_13');
INSERT INTO user_participates_group (group_id, user_id) VALUES (2, 'user_4');
INSERT INTO user_participates_group (group_id, user_id) VALUES (2, 'user_7');
INSERT INTO user_participates_group (group_id, user_id) VALUES (2, 'user_10');
INSERT INTO user_participates_group (group_id, user_id) VALUES (2, 'user_3');
INSERT INTO user_participates_group (group_id, user_id) VALUES (3, 'user_8');
INSERT INTO user_participates_group (group_id, user_id) VALUES (3, 'user_13');
INSERT INTO user_participates_group (group_id, user_id) VALUES (3, 'user_11');
INSERT INTO user_participates_group (group_id, user_id) VALUES (4, 'user_4');
INSERT INTO user_participates_group (group_id, user_id) VALUES (4, 'user_6');
INSERT INTO user_participates_group (group_id, user_id) VALUES (4, 'user_2');
INSERT INTO user_participates_group (group_id, user_id) VALUES (4, 'user_18');
INSERT INTO user_participates_group (group_id, user_id) VALUES (4, 'user_1');
INSERT INTO user_participates_group (group_id, user_id) VALUES (4, 'user_15');
INSERT INTO user_participates_group (group_id, user_id) VALUES (5, 'user_2');
INSERT INTO user_participates_group (group_id, user_id) VALUES (5, 'user_16');
INSERT INTO user_participates_group (group_id, user_id) VALUES (5, 'user_17');
INSERT INTO user_participates_group (group_id, user_id) VALUES (5, 'user_15');

-- Contests
INSERT INTO contest_table (contest_id, group_id, user_id_creator, is_private, startTime, frozen_contest, contest_duration, contest_name) VALUES (1, 3, 'user_9', 0, TO_TIMESTAMP('2025-06-17 23:17:31', 'YYYY-MM-DD HH24:MI:SS'), 0, INTERVAL '0 1:25:14' DAY TO SECOND, 'Policy Contest 1');
INSERT INTO contest_table (contest_id, group_id, user_id_creator, is_private, startTime, frozen_contest, contest_duration, contest_name) VALUES (2, 4, 'user_15', 1, TO_TIMESTAMP('2025-06-02 20:17:12', 'YYYY-MM-DD HH24:MI:SS'), 0, INTERVAL '0 1:52:18' DAY TO SECOND, 'Street Contest 2');
INSERT INTO contest_table (contest_id, group_id, user_id_creator, is_private, startTime, frozen_contest, contest_duration, contest_name) VALUES (3, 4, 'user_18', 1, TO_TIMESTAMP('2025-05-31 14:54:41', 'YYYY-MM-DD HH24:MI:SS'), 0, INTERVAL '1 2:21:31' DAY TO SECOND, 'Herself Contest 3');
INSERT INTO contest_table (contest_id, group_id, user_id_creator, is_private, startTime, frozen_contest, contest_duration, contest_name) VALUES (4, 5, 'user_4', 0, TO_TIMESTAMP('2025-03-22 14:38:48', 'YYYY-MM-DD HH24:MI:SS'), 0, INTERVAL '0 0:51:00' DAY TO SECOND, 'Include Contest 4');
INSERT INTO contest_table (contest_id, group_id, user_id_creator, is_private, startTime, frozen_contest, contest_duration, contest_name) VALUES (5, 4, 'user_11', 1, TO_TIMESTAMP('2025-04-11 22:36:21', 'YYYY-MM-DD HH24:MI:SS'), 1, INTERVAL '0 3:10:56' DAY TO SECOND, 'Street Contest 5');

-- Gyms
INSERT INTO gym_table (contest_id, institution, original_event_name) VALUES (1, 'Johnston Inc', 'Although Open');
INSERT INTO gym_table (contest_id, institution, original_event_name) VALUES (2, 'Moreno, Garcia and Rivera', 'Worker Open');
INSERT INTO gym_table (contest_id, institution, original_event_name) VALUES (3, 'Christensen-Johnson', 'Hospital Open');

-- User Participates Contest
INSERT INTO user_participates_contest (user_id, contest_id, ranking) VALUES ('user_1', 1, 1);
INSERT INTO user_participates_contest (user_id, contest_id, ranking) VALUES ('user_20', 1, 2);
INSERT INTO user_participates_contest (user_id, contest_id, ranking) VALUES ('user_13', 1, 3);
INSERT INTO user_participates_contest (user_id, contest_id, ranking) VALUES ('user_5', 1, 4);
INSERT INTO user_participates_contest (user_id, contest_id, ranking) VALUES ('user_2', 1, 5);
INSERT INTO user_participates_contest (user_id, contest_id, ranking) VALUES ('user_13', 2, 1);
INSERT INTO user_participates_contest (user_id, contest_id, ranking) VALUES ('user_9', 2, 2);
INSERT INTO user_participates_contest (user_id, contest_id, ranking) VALUES ('user_5', 2, 3);
INSERT INTO user_participates_contest (user_id, contest_id, ranking) VALUES ('user_3', 2, 4);
INSERT INTO user_participates_contest (user_id, contest_id, ranking) VALUES ('user_15', 2, 5);
INSERT INTO user_participates_contest (user_id, contest_id, ranking) VALUES ('user_11', 2, 6);
INSERT INTO user_participates_contest (user_id, contest_id, ranking) VALUES ('user_14', 2, 7);
INSERT INTO user_participates_contest (user_id, contest_id, ranking) VALUES ('user_18', 2, 8);
INSERT INTO user_participates_contest (user_id, contest_id, ranking) VALUES ('user_2', 3, 1);
INSERT INTO user_participates_contest (user_id, contest_id, ranking) VALUES ('user_18', 3, 2);
INSERT INTO user_participates_contest (user_id, contest_id, ranking) VALUES ('user_20', 3, 3);
INSERT INTO user_participates_contest (user_id, contest_id, ranking) VALUES ('user_17', 3, 4);
INSERT INTO user_participates_contest (user_id, contest_id, ranking) VALUES ('user_2', 4, 1);
INSERT INTO user_participates_contest (user_id, contest_id, ranking) VALUES ('user_9', 4, 2);
INSERT INTO user_participates_contest (user_id, contest_id, ranking) VALUES ('user_4', 4, 3);
INSERT INTO user_participates_contest (user_id, contest_id, ranking) VALUES ('user_14', 4, 4);
INSERT INTO user_participates_contest (user_id, contest_id, ranking) VALUES ('user_3', 4, 5);
INSERT INTO user_participates_contest (user_id, contest_id, ranking) VALUES ('user_1', 5, 1);
INSERT INTO user_participates_contest (user_id, contest_id, ranking) VALUES ('user_16', 5, 2);
INSERT INTO user_participates_contest (user_id, contest_id, ranking) VALUES ('user_5', 5, 3);
INSERT INTO user_participates_contest (user_id, contest_id, ranking) VALUES ('user_9', 5, 4);
INSERT INTO user_participates_contest (user_id, contest_id, ranking) VALUES ('user_7', 5, 5);

-- Problems
INSERT INTO problem_table (problem_id, difficulty, problem_index, points, solved_count) VALUES (1, 'hard', 58, 299, 42);
INSERT INTO problem_table (problem_id, difficulty, problem_index, points, solved_count) VALUES (2, 'hard', 35, 233, 82);
INSERT INTO problem_table (problem_id, difficulty, problem_index, points, solved_count) VALUES (3, 'hard', 32, 225, 7);
INSERT INTO problem_table (problem_id, difficulty, problem_index, points, solved_count) VALUES (4, 'hard', 76, 189, 44);
INSERT INTO problem_table (problem_id, difficulty, problem_index, points, solved_count) VALUES (5, 'medium', 78, 457, 71);
INSERT INTO problem_table (problem_id, difficulty, problem_index, points, solved_count) VALUES (6, 'hard', 67, 131, 45);
INSERT INTO problem_table (problem_id, difficulty, problem_index, points, solved_count) VALUES (7, 'hard', 53, 375, 25);
INSERT INTO problem_table (problem_id, difficulty, problem_index, points, solved_count) VALUES (8, 'hard', 69, 317, 84);
INSERT INTO problem_table (problem_id, difficulty, problem_index, points, solved_count) VALUES (9, 'easy', 92, 236, 95);
INSERT INTO problem_table (problem_id, difficulty, problem_index, points, solved_count) VALUES (10, 'hard', 93, 485, 9);

-- Problem Supported Languages
INSERT INTO problem_supported_languages (problem_id, language) VALUES (1, 'C++');
INSERT INTO problem_supported_languages (problem_id, language) VALUES (1, 'Python');
INSERT INTO problem_supported_languages (problem_id, language) VALUES (1, 'JavaScript');
INSERT INTO problem_supported_languages (problem_id, language) VALUES (2, 'C++');
INSERT INTO problem_supported_languages (problem_id, language) VALUES (2, 'JavaScript');
INSERT INTO problem_supported_languages (problem_id, language) VALUES (3, 'Python');
INSERT INTO problem_supported_languages (problem_id, language) VALUES (3, 'Go');
INSERT INTO problem_supported_languages (problem_id, language) VALUES (4, 'JavaScript');
INSERT INTO problem_supported_languages (problem_id, language) VALUES (4, 'Java');
INSERT INTO problem_supported_languages (problem_id, language) VALUES (4, 'Python');
INSERT INTO problem_supported_languages (problem_id, language) VALUES (4, 'C++');
INSERT INTO problem_supported_languages (problem_id, language) VALUES (5, 'C++');
INSERT INTO problem_supported_languages (problem_id, language) VALUES (5, 'Python');
INSERT INTO problem_supported_languages (problem_id, language) VALUES (6, 'C++');
INSERT INTO problem_supported_languages (problem_id, language) VALUES (6, 'JavaScript');
INSERT INTO problem_supported_languages (problem_id, language) VALUES (6, 'Java');
INSERT INTO problem_supported_languages (problem_id, language) VALUES (7, 'Python');
INSERT INTO problem_supported_languages (problem_id, language) VALUES (7, 'Java');
INSERT INTO problem_supported_languages (problem_id, language) VALUES (7, 'Go');
INSERT INTO problem_supported_languages (problem_id, language) VALUES (8, 'Java');
INSERT INTO problem_supported_languages (problem_id, language) VALUES (8, 'Python');
INSERT INTO problem_supported_languages (problem_id, language) VALUES (8, 'C++');
INSERT INTO problem_supported_languages (problem_id, language) VALUES (9, 'JavaScript');
INSERT INTO problem_supported_languages (problem_id, language) VALUES (9, 'Python');
INSERT INTO problem_supported_languages (problem_id, language) VALUES (10, 'Java');
INSERT INTO problem_supported_languages (problem_id, language) VALUES (10, 'Go');
INSERT INTO problem_supported_languages (problem_id, language) VALUES (10, 'JavaScript');
INSERT INTO problem_supported_languages (problem_id, language) VALUES (10, 'Python');

-- Verdicts
INSERT INTO verdict_table (verdict_id) VALUES (1);
INSERT INTO verdict_table (verdict_id) VALUES (2);
INSERT INTO verdict_table (verdict_id) VALUES (3);
INSERT INTO verdict_table (verdict_id) VALUES (4);
INSERT INTO verdict_table (verdict_id) VALUES (5);

-- Submissions
INSERT INTO submission_table (submission_id, problem_id, user_id, submission_time, submission_language, time_consumed, points) VALUES (1, 5, 'user_13', TO_TIMESTAMP('2025-04-24 03:42:17', 'YYYY-MM-DD HH24:MI:SS'), 'Python', INTERVAL '1 0:27:53' DAY TO SECOND, 125);
INSERT INTO submission_table (submission_id, problem_id, user_id, submission_time, submission_language, time_consumed, points) VALUES (2, 9, 'user_18', TO_TIMESTAMP('2025-01-15 09:37:25', 'YYYY-MM-DD HH24:MI:SS'), 'C++', INTERVAL '1 2:32:50' DAY TO SECOND, 200);
INSERT INTO submission_table (submission_id, problem_id, user_id, submission_time, submission_language, time_consumed, points) VALUES (3, 10, 'user_16', TO_TIMESTAMP('2025-04-05 03:54:55', 'YYYY-MM-DD HH24:MI:SS'), 'Python', INTERVAL '0 3:33:35' DAY TO SECOND, 368);
INSERT INTO submission_table (submission_id, problem_id, user_id, submission_time, submission_language, time_consumed, points) VALUES (4, 10, 'user_17', TO_TIMESTAMP('2025-06-24 00:42:37', 'YYYY-MM-DD HH24:MI:SS'), 'Go', INTERVAL '0 2:47:10' DAY TO SECOND, 102);
INSERT INTO submission_table (submission_id, problem_id, user_id, submission_time, submission_language, time_consumed, points) VALUES (5, 6, 'user_13', TO_TIMESTAMP('2025-05-04 04:18:34', 'YYYY-MM-DD HH24:MI:SS'), 'Go', INTERVAL '1 0:26:22'DAY TO SECOND, 64);
INSERT INTO submission_table (submission_id, problem_id, user_id, submission_time, submission_language, time_consumed, points) VALUES (6, 10, 'user_3', TO_TIMESTAMP('2025-01-17 06:21:22', 'YYYY-MM-DD HH24:MI:SS'), 'Python', INTERVAL '1 4:20:26' DAY TO SECOND, 152);
INSERT INTO submission_table (submission_id, problem_id, user_id, submission_time, submission_language, time_consumed, points) VALUES (7, 6, 'user_12', TO_TIMESTAMP('2025-06-14 11:58:08', 'YYYY-MM-DD HH24:MI:SS'), 'Java', INTERVAL '1 4:32:0' DAY TO SECOND, 269);
INSERT INTO submission_table (submission_id, problem_id, user_id, submission_time, submission_language, time_consumed, points) VALUES (8, 2, 'user_5', TO_TIMESTAMP('2025-04-15 18:39:47', 'YYYY-MM-DD HH24:MI:SS'), 'Java', INTERVAL '1 2:36:4' DAY TO SECOND, 231);
INSERT INTO submission_table (submission_id, problem_id, user_id, submission_time, submission_language, time_consumed, points) VALUES (9, 5, 'user_16', TO_TIMESTAMP('2025-03-28 15:29:11', 'YYYY-MM-DD HH24:MI:SS'), 'JavaScript', INTERVAL '1 3:52:56' DAY TO SECOND, 473);
INSERT INTO submission_table (submission_id, problem_id, user_id, submission_time, submission_language, time_consumed, points) VALUES (10, 2, 'user_19', TO_TIMESTAMP('2025-03-06 22:48:11', 'YYYY-MM-DD HH24:MI:SS'), 'Python', INTERVAL '0 0:33:31' DAY TO SECOND, 294);
INSERT INTO submission_table (submission_id, problem_id, user_id, submission_time, submission_language, time_consumed, points) VALUES (11, 5, 'user_8', TO_TIMESTAMP('2025-04-08 02:32:19', 'YYYY-MM-DD HH24:MI:SS'), 'Go', INTERVAL '1 2:51:41' DAY TO SECOND, 189);
INSERT INTO submission_table (submission_id, problem_id, user_id, submission_time, submission_language, time_consumed, points) VALUES (12, 7, 'user_10', TO_TIMESTAMP('2025-06-28 11:20:13', 'YYYY-MM-DD HH24:MI:SS'), 'JavaScript', INTERVAL '1 4:32:10' DAY TO SECOND, 14);
INSERT INTO submission_table (submission_id, problem_id, user_id, submission_time, submission_language, time_consumed, points) VALUES (13, 3, 'user_9', TO_TIMESTAMP('2025-06-07 08:29:25', 'YYYY-MM-DD HH24:MI:SS'), 'C++', INTERVAL '0 0:11:49' DAY TO SECOND, 210);
INSERT INTO submission_table (submission_id, problem_id, user_id, submission_time, submission_language, time_consumed, points) VALUES (14, 10, 'user_2', TO_TIMESTAMP('2025-04-16 15:37:12', 'YYYY-MM-DD HH24:MI:SS'), 'Python', INTERVAL '1 0:13:16' DAY TO SECOND, 34);
INSERT INTO submission_table (submission_id, problem_id, user_id, submission_time, submission_language, time_consumed, points) VALUES (15, 10, 'user_17', TO_TIMESTAMP('2025-01-01 15:52:24', 'YYYY-MM-DD HH24:MI:SS'), 'Python', INTERVAL '0 1:41:53' DAY TO SECOND, 88);
INSERT INTO submission_table (submission_id, problem_id, user_id, submission_time, submission_language, time_consumed, points) VALUES (16, 9, 'user_14', TO_TIMESTAMP('2025-06-29 03:36:03', 'YYYY-MM-DD HH24:MI:SS'), 'Python', INTERVAL '1 3:45:51' DAY TO SECOND, 145);
INSERT INTO submission_table (submission_id, problem_id, user_id, submission_time, submission_language, time_consumed, points) VALUES (17, 4, 'user_7', TO_TIMESTAMP('2025-02-01 04:57:54', 'YYYY-MM-DD HH24:MI:SS'), 'Go', INTERVAL '1 1:27:28' DAY TO SECOND, 345);
INSERT INTO submission_table (submission_id, problem_id, user_id, submission_time, submission_language, time_consumed, points) VALUES (18, 6, 'user_18', TO_TIMESTAMP('2025-06-26 16:14:29', 'YYYY-MM-DD HH24:MI:SS'), 'C++', INTERVAL '1 0:52:53' DAY TO SECOND, 499);
INSERT INTO submission_table (submission_id, problem_id, user_id, submission_time, submission_language, time_consumed, points) VALUES (19, 5, 'user_14', TO_TIMESTAMP('2025-03-05 02:44:57', 'YYYY-MM-DD HH24:MI:SS'), 'C++', INTERVAL '0 4:49:24' DAY TO SECOND, 263);
INSERT INTO submission_table (submission_id, problem_id, user_id, submission_time, submission_language, time_consumed, points) VALUES (20, 8, 'user_3', TO_TIMESTAMP('2025-03-12 01:41:19', 'YYYY-MM-DD HH24:MI:SS'), 'JavaScript', INTERVAL '1 0:22:54' DAY TO SECOND, 234);
INSERT INTO submission_table (submission_id, problem_id, user_id, submission_time, submission_language, time_consumed, points) VALUES (21, 1, 'user_7', TO_TIMESTAMP('2025-02-11 13:01:13', 'YYYY-MM-DD HH24:MI:SS'), 'Java', INTERVAL '0 4:7:52' DAY TO SECOND, 154);
INSERT INTO submission_table (submission_id, problem_id, user_id, submission_time, submission_language, time_consumed, points) VALUES (22, 9, 'user_11', TO_TIMESTAMP('2025-01-29 09:04:42', 'YYYY-MM-DD HH24:MI:SS'), 'Go', INTERVAL '1 4:26:34' DAY TO SECOND, 481);
INSERT INTO submission_table (submission_id, problem_id, user_id, submission_time, submission_language, time_consumed, points) VALUES (23, 9, 'user_14', TO_TIMESTAMP('2025-06-23 23:42:32', 'YYYY-MM-DD HH24:MI:SS'), 'Go', INTERVAL '1 3:19:8' DAY TO SECOND, 259);
INSERT INTO submission_table (submission_id, problem_id, user_id, submission_time, submission_language, time_consumed, points) VALUES (24, 8, 'user_19', TO_TIMESTAMP('2025-04-23 15:56:43', 'YYYY-MM-DD HH24:MI:SS'), 'C++', INTERVAL '0 2:40:0' DAY TO SECOND, 217);
INSERT INTO submission_table (submission_id, problem_id, user_id, submission_time, submission_language, time_consumed, points) VALUES (25, 10, 'user_2', TO_TIMESTAMP('2025-01-29 18:44:15', 'YYYY-MM-DD HH24:MI:SS'), 'Java', INTERVAL '1 3:18:59' DAY TO SECOND, 337);
INSERT INTO submission_table (submission_id, problem_id, user_id, submission_time, submission_language, time_consumed, points) VALUES (26, 1, 'user_3', TO_TIMESTAMP('2025-04-25 11:39:50', 'YYYY-MM-DD HH24:MI:SS'), 'Python', INTERVAL '0 3:17:29' DAY TO SECOND, 139);
INSERT INTO submission_table (submission_id, problem_id, user_id, submission_time, submission_language, time_consumed, points) VALUES (27, 6, 'user_16', TO_TIMESTAMP('2025-01-21 22:47:19', 'YYYY-MM-DD HH24:MI:SS'), 'Java', INTERVAL '1 3:51:7' DAY TO SECOND, 247);
INSERT INTO submission_table (submission_id, problem_id, user_id, submission_time, submission_language, time_consumed, points) VALUES (28, 6, 'user_5', TO_TIMESTAMP('2025-03-20 10:40:00', 'YYYY-MM-DD HH24:MI:SS'), 'JavaScript', INTERVAL '0 0:11:52' DAY TO SECOND, 133);
INSERT INTO submission_table (submission_id, problem_id, user_id, submission_time, submission_language, time_consumed, points) VALUES (29, 6, 'user_5', TO_TIMESTAMP('2025-03-03 14:15:49', 'YYYY-MM-DD HH24:MI:SS'), 'Go', INTERVAL '1 3:16:32' DAY TO SECOND, 147);
INSERT INTO submission_table (submission_id, problem_id, user_id, submission_time, submission_language, time_consumed, points) VALUES (30, 7, 'user_9', TO_TIMESTAMP('2025-06-18 07:33:19', 'YYYY-MM-DD HH24:MI:SS'), 'JavaScript', INTERVAL '1 3:13:45' DAY TO SECOND, 424);
INSERT INTO submission_table (submission_id, problem_id, user_id, submission_time, submission_language, time_consumed, points) VALUES (31, 8, 'user_13', TO_TIMESTAMP('2025-04-09 18:26:15', 'YYYY-MM-DD HH24:MI:SS'), 'JavaScript', INTERVAL '0 0:8:13' DAY TO SECOND, 494);
INSERT INTO submission_table (submission_id, problem_id, user_id, submission_time, submission_language, time_consumed, points) VALUES (32, 3, 'user_8', TO_TIMESTAMP('2025-03-23 17:20:42', 'YYYY-MM-DD HH24:MI:SS'), 'Python', INTERVAL '0 2:9:30' DAY TO SECOND, 396);
INSERT INTO submission_table (submission_id, problem_id, user_id, submission_time, submission_language, time_consumed, points) VALUES (33, 2, 'user_13', TO_TIMESTAMP('2025-06-09 12:22:41', 'YYYY-MM-DD HH24:MI:SS'), 'C++', INTERVAL '0 0:27:39' DAY TO SECOND, 488);
INSERT INTO submission_table (submission_id, problem_id, user_id, submission_time, submission_language, time_consumed, points) VALUES (34, 1, 'user_18', TO_TIMESTAMP('2025-03-11 21:52:18', 'YYYY-MM-DD HH24:MI:SS'), 'C++', INTERVAL '1 2:3:41' DAY TO SECOND, 496);
INSERT INTO submission_table (submission_id, problem_id, user_id, submission_time, submission_language, time_consumed, points) VALUES (35, 2, 'user_18', TO_TIMESTAMP('2025-03-08 07:06:53', 'YYYY-MM-DD HH24:MI:SS'), 'JavaScript', INTERVAL '0 2:43:17' DAY TO SECOND, 91);
INSERT INTO submission_table (submission_id, problem_id, user_id, submission_time, submission_language, time_consumed, points) VALUES (36, 8, 'user_2', TO_TIMESTAMP('2025-06-15 10:00:01', 'YYYY-MM-DD HH24:MI:SS'), 'C++', INTERVAL '0 3:7:42' DAY TO SECOND, 229);
INSERT INTO submission_table (submission_id, problem_id, user_id, submission_time, submission_language, time_consumed, points) VALUES (37, 5, 'user_17', TO_TIMESTAMP('2025-02-20 10:38:00', 'YYYY-MM-DD HH24:MI:SS'), 'JavaScript', INTERVAL '1 0:38:54' DAY TO SECOND, 245);
INSERT INTO submission_table (submission_id, problem_id, user_id, submission_time, submission_language, time_consumed, points) VALUES (38, 2, 'user_5', TO_TIMESTAMP('2025-04-29 05:23:19', 'YYYY-MM-DD HH24:MI:SS'), 'JavaScript', INTERVAL '0 1:33:16' DAY TO SECOND, 213);
INSERT INTO submission_table (submission_id, problem_id, user_id, submission_time, submission_language, time_consumed, points) VALUES (39, 9, 'user_10', TO_TIMESTAMP('2025-03-13 13:15:48', 'YYYY-MM-DD HH24:MI:SS'), 'JavaScript', INTERVAL '0 4:21:55' DAY TO SECOND, 248);
INSERT INTO submission_table (submission_id, problem_id, user_id, submission_time, submission_language, time_consumed, points) VALUES (40, 2, 'user_1', TO_TIMESTAMP('2025-01-08 07:14:15', 'YYYY-MM-DD HH24:MI:SS'), 'Java', INTERVAL '1 0:34:40' DAY TO SECOND, 225);

-- Submission Problem
INSERT INTO submission_problem (submission_id, problem_id, verdict_id, status_submission_problem) VALUES (1, 5, 1, 'Wrong Answer');
INSERT INTO submission_problem (submission_id, problem_id, verdict_id, status_submission_problem) VALUES (2, 9, 3, 'TLE');
INSERT INTO submission_problem (submission_id, problem_id, verdict_id, status_submission_problem) VALUES (3, 4, 4, 'Wrong Answer');
INSERT INTO submission_problem (submission_id, problem_id, verdict_id, status_submission_problem) VALUES (4, 3, 3, 'Wrong Answer');
INSERT INTO submission_problem (submission_id, problem_id, verdict_id, status_submission_problem) VALUES (5, 7, 5, 'Accepted');
INSERT INTO submission_problem (submission_id, problem_id, verdict_id, status_submission_problem) VALUES (6, 9, 5, 'Wrong Answer');
INSERT INTO submission_problem (submission_id, problem_id, verdict_id, status_submission_problem) VALUES (7, 7, 3, 'TLE');
INSERT INTO submission_problem (submission_id, problem_id, verdict_id, status_submission_problem) VALUES (8, 8, 3, 'TLE');
INSERT INTO submission_problem (submission_id, problem_id, verdict_id, status_submission_problem) VALUES (9, 8, 2, 'Runtime Error');
INSERT INTO submission_problem (submission_id, problem_id, verdict_id, status_submission_problem) VALUES (10, 6, 5, 'Runtime Error');
INSERT INTO submission_problem (submission_id, problem_id, verdict_id, status_submission_problem) VALUES (11, 4, 3, 'Wrong Answer');
INSERT INTO submission_problem (submission_id, problem_id, verdict_id, status_submission_problem) VALUES (12, 10, 2, 'Runtime Error');
INSERT INTO submission_problem (submission_id, problem_id, verdict_id, status_submission_problem) VALUES (13, 9, 2, 'Accepted');
INSERT INTO submission_problem (submission_id, problem_id, verdict_id, status_submission_problem) VALUES (14, 9, 3, 'Wrong Answer');
INSERT INTO submission_problem (submission_id, problem_id, verdict_id, status_submission_problem) VALUES (15, 4, 3, 'Runtime Error');
INSERT INTO submission_problem (submission_id, problem_id, verdict_id, status_submission_problem) VALUES (16, 8, 3, 'Accepted');
INSERT INTO submission_problem (submission_id, problem_id, verdict_id, status_submission_problem) VALUES (17, 3, 2, 'TLE');
INSERT INTO submission_problem (submission_id, problem_id, verdict_id, status_submission_problem) VALUES (18, 4, 1, 'Accepted');
INSERT INTO submission_problem (submission_id, problem_id, verdict_id, status_submission_problem) VALUES (19, 10, 2, 'Accepted');
INSERT INTO submission_problem (submission_id, problem_id, verdict_id, status_submission_problem) VALUES (20, 4, 5, 'Wrong Answer');
INSERT INTO submission_problem (submission_id, problem_id, verdict_id, status_submission_problem) VALUES (21, 9, 5, 'TLE');
INSERT INTO submission_problem (submission_id, problem_id, verdict_id, status_submission_problem) VALUES (22, 7, 3, 'Accepted');
INSERT INTO submission_problem (submission_id, problem_id, verdict_id, status_submission_problem) VALUES (23, 1, 3, 'Wrong Answer');
INSERT INTO submission_problem (submission_id, problem_id, verdict_id, status_submission_problem) VALUES (24, 2, 2, 'TLE');
INSERT INTO submission_problem (submission_id, problem_id, verdict_id, status_submission_problem) VALUES (25, 6, 3, 'Runtime Error');
INSERT INTO submission_problem (submission_id, problem_id, verdict_id, status_submission_problem) VALUES (26, 1, 1, 'TLE');
INSERT INTO submission_problem (submission_id, problem_id, verdict_id, status_submission_problem) VALUES (27, 6, 2, 'Accepted');
INSERT INTO submission_problem (submission_id, problem_id, verdict_id, status_submission_problem) VALUES (28, 5, 2, 'Accepted');
INSERT INTO submission_problem (submission_id, problem_id, verdict_id, status_submission_problem) VALUES (29, 6, 1, 'Accepted');
INSERT INTO submission_problem (submission_id, problem_id, verdict_id, status_submission_problem) VALUES (30, 2, 3, 'TLE');
INSERT INTO submission_problem (submission_id, problem_id, verdict_id, status_submission_problem) VALUES (31, 4, 3, 'Accepted');
INSERT INTO submission_problem (submission_id, problem_id, verdict_id, status_submission_problem) VALUES (32, 6, 1, 'Accepted');
INSERT INTO submission_problem (submission_id, problem_id, verdict_id, status_submission_problem) VALUES (33, 3, 4, 'TLE');
INSERT INTO submission_problem (submission_id, problem_id, verdict_id, status_submission_problem) VALUES (34, 4, 1, 'TLE');
INSERT INTO submission_problem (submission_id, problem_id, verdict_id, status_submission_problem) VALUES (35, 5, 1, 'TLE');
INSERT INTO submission_problem (submission_id, problem_id, verdict_id, status_submission_problem) VALUES (36, 2, 3, 'Wrong Answer');
INSERT INTO submission_problem (submission_id, problem_id, verdict_id, status_submission_problem) VALUES (37, 10, 3, 'Runtime Error');
INSERT INTO submission_problem (submission_id, problem_id, verdict_id, status_submission_problem) VALUES (38, 2, 5, 'Runtime Error');
INSERT INTO submission_problem (submission_id, problem_id, verdict_id, status_submission_problem) VALUES (39, 10, 4, 'Runtime Error');
INSERT INTO submission_problem (submission_id, problem_id, verdict_id, status_submission_problem) VALUES (40, 5, 2, 'TLE');

-- Contest Faz Parte
INSERT INTO contest_fazParte (contest_id, submission_id, problem_id) VALUES (1, 36, 2);
INSERT INTO contest_fazParte (contest_id, submission_id, problem_id) VALUES (1, 4, 3);
INSERT INTO contest_fazParte (contest_id, submission_id, problem_id) VALUES (1, 33, 3);
INSERT INTO contest_fazParte (contest_id, submission_id, problem_id) VALUES (2, 12, 10);
INSERT INTO contest_fazParte (contest_id, submission_id, problem_id) VALUES (2, 14, 9);
INSERT INTO contest_fazParte (contest_id, submission_id, problem_id) VALUES (2, 18, 4);
INSERT INTO contest_fazParte (contest_id, submission_id, problem_id) VALUES (3, 2, 9);
INSERT INTO contest_fazParte (contest_id, submission_id, problem_id) VALUES (3, 35, 5);
INSERT INTO contest_fazParte (contest_id, submission_id, problem_id) VALUES (3, 34, 4);
INSERT INTO contest_fazParte (contest_id, submission_id, problem_id) VALUES (4, 31, 4);
INSERT INTO contest_fazParte (contest_id, submission_id, problem_id) VALUES (4, 26, 1);
INSERT INTO contest_fazParte (contest_id, submission_id, problem_id) VALUES (4, 24, 2);
INSERT INTO contest_fazParte (contest_id, submission_id, problem_id) VALUES (5, 35, 5);
INSERT INTO contest_fazParte (contest_id, submission_id, problem_id) VALUES (5, 39, 10);
INSERT INTO contest_fazParte (contest_id, submission_id, problem_id) VALUES (5, 37, 10);

-- Blog Entries and Comments
INSERT INTO blog_comment (comment_id, comment_id_pai) VALUES (1, NULL);
INSERT INTO blog_comment (comment_id, comment_id_pai) VALUES (2, NULL);
INSERT INTO blog_comment (comment_id, comment_id_pai) VALUES (3, NULL);
INSERT INTO blog_comment (comment_id, comment_id_pai) VALUES (4, NULL);
INSERT INTO blog_comment (comment_id, comment_id_pai) VALUES (5, NULL);
INSERT INTO blog_comment (comment_id, comment_id_pai) VALUES (6, NULL);
INSERT INTO blog_comment (comment_id, comment_id_pai) VALUES (7, NULL);
INSERT INTO blog_comment (comment_id, comment_id_pai) VALUES (8, NULL);
INSERT INTO blog_comment (comment_id, comment_id_pai) VALUES (9, NULL);
INSERT INTO blog_comment (comment_id, comment_id_pai) VALUES (10, NULL);
INSERT INTO blog_comment (comment_id, comment_id_pai) VALUES (11, NULL);
INSERT INTO blog_comment (comment_id, comment_id_pai) VALUES (12, NULL);
INSERT INTO blog_comment (comment_id, comment_id_pai) VALUES (13, NULL);
INSERT INTO blog_comment (comment_id, comment_id_pai) VALUES (14, NULL);
INSERT INTO blog_comment (comment_id, comment_id_pai) VALUES (15, NULL);
INSERT INTO blog_comment (comment_id, comment_id_pai) VALUES (16, NULL);
INSERT INTO blog_comment (comment_id, comment_id_pai) VALUES (17, NULL);
INSERT INTO blog_comment (comment_id, comment_id_pai) VALUES (18, NULL);
INSERT INTO blog_comment (comment_id, comment_id_pai) VALUES (19, NULL);
INSERT INTO blog_comment (comment_id, comment_id_pai) VALUES (20, NULL);
INSERT INTO blog_entry (entry_id, user_id, title) VALUES (1, 'user_1', 'Should east.');
INSERT INTO blog_entry_comment (blog_entry_id, comment_id, user_id) VALUES (1, 20, 'user_10');
INSERT INTO blog_entry_comment (blog_entry_id, comment_id, user_id) VALUES (1, 15, 'user_5');
INSERT INTO blog_entry_comment (blog_entry_id, comment_id, user_id) VALUES (1, 5, 'user_3');
INSERT INTO blog_entry (entry_id, user_id, title) VALUES (2, 'user_19', 'Senior however exist.');
INSERT INTO blog_entry_comment (blog_entry_id, comment_id, user_id) VALUES (2, 5, 'user_7');
INSERT INTO blog_entry_comment (blog_entry_id, comment_id, user_id) VALUES (2, 16, 'user_11');
INSERT INTO blog_entry_comment (blog_entry_id, comment_id, user_id) VALUES (2, 12, 'user_10');
INSERT INTO blog_entry (entry_id, user_id, title) VALUES (3, 'user_6', 'Base remember toward weight including.');
INSERT INTO blog_entry_comment (blog_entry_id, comment_id, user_id) VALUES (3, 5, 'user_13');
INSERT INTO blog_entry_comment (blog_entry_id, comment_id, user_id) VALUES (3, 15, 'user_13');
INSERT INTO blog_entry_comment (blog_entry_id, comment_id, user_id) VALUES (3, 4, 'user_20');
INSERT INTO blog_entry (entry_id, user_id, title) VALUES (4, 'user_5', 'Executive risk enjoy.');
INSERT INTO blog_entry_comment (blog_entry_id, comment_id, user_id) VALUES (4, 9, 'user_10');
INSERT INTO blog_entry_comment (blog_entry_id, comment_id, user_id) VALUES (4, 20, 'user_1');
INSERT INTO blog_entry_comment (blog_entry_id, comment_id, user_id) VALUES (4, 18, 'user_1');
INSERT INTO blog_entry (entry_id, user_id, title) VALUES (5, 'user_5', 'Better return another.');
INSERT INTO blog_entry_comment (blog_entry_id, comment_id, user_id) VALUES (5, 13, 'user_18');
INSERT INTO blog_entry_comment (blog_entry_id, comment_id, user_id) VALUES (5, 4, 'user_15');
INSERT INTO blog_entry_comment (blog_entry_id, comment_id, user_id) VALUES (5, 1, 'user_14');

-- Test Cases and Solutions
INSERT INTO solution (problem_id) VALUES (1);
INSERT INTO test_case (test_case_disc, problem_id) VALUES ('Feeling them wish state avoid firm understand.', 1);
INSERT INTO test_case (test_case_disc, problem_id) VALUES ('Card kind hair section agreement firm seek.', 1);
INSERT INTO solution (problem_id) VALUES (2);
INSERT INTO test_case (test_case_disc, problem_id) VALUES ('American open professional their interesting win culture.', 2);
INSERT INTO test_case (test_case_disc, problem_id) VALUES ('Onto wind media return.', 2);
INSERT INTO solution (problem_id) VALUES (3);
INSERT INTO test_case (test_case_disc, problem_id) VALUES ('Cultural area while friend who rich detail.', 3);
INSERT INTO test_case (test_case_disc, problem_id) VALUES ('Add major clearly.', 3);
INSERT INTO solution (problem_id) VALUES (4);
INSERT INTO test_case (test_case_disc, problem_id) VALUES ('Always discover thought modern community watch customer.', 4);
INSERT INTO test_case (test_case_disc, problem_id) VALUES ('Eye make he hot president crime.', 4);
INSERT INTO solution (problem_id) VALUES (5);
INSERT INTO test_case (test_case_disc, problem_id) VALUES ('Could performance western ok.', 5);
INSERT INTO test_case (test_case_disc, problem_id) VALUES ('Listen age again bit personal professor weight it.', 5);
INSERT INTO solution (problem_id) VALUES (6);
INSERT INTO test_case (test_case_disc, problem_id) VALUES ('Gas available inside reduce sound weight strategy nor.', 6);
INSERT INTO test_case (test_case_disc, problem_id) VALUES ('Vote talk outside scene toward should page.', 6);
INSERT INTO solution (problem_id) VALUES (7);
INSERT INTO test_case (test_case_disc, problem_id) VALUES ('Story put modern nor.', 7);
INSERT INTO test_case (test_case_disc, problem_id) VALUES ('Parent else financial painting animal leader.', 7);
INSERT INTO solution (problem_id) VALUES (8);
INSERT INTO test_case (test_case_disc, problem_id) VALUES ('Discussion know record understand recent personal.', 8);
INSERT INTO test_case (test_case_disc, problem_id) VALUES ('Television approach book the trip eight.', 8);
INSERT INTO solution (problem_id) VALUES (9);
INSERT INTO test_case (test_case_disc, problem_id) VALUES ('Score fill address full operation skin that.', 9);
INSERT INTO test_case (test_case_disc, problem_id) VALUES ('Respond forget public start at.', 9);
INSERT INTO solution (problem_id) VALUES (10);
INSERT INTO test_case (test_case_disc, problem_id) VALUES ('Where parent discussion while red.', 10);
INSERT INTO test_case (test_case_disc, problem_id) VALUES ('Sense series seek political.', 10);