-- Users
INSERT INTO user_table (id, user_name, email, rating, password, user_city, user_country, user_state, registration_date) VALUES ('user_1', 'Alyssa Wright', 'rebeccalopez@crosby-harvey.com', 1140, '3%UZ4W4dP(', 'East Carly', 'Tonga', 'Kansas', STR_TO_DATE('2023-08-14 19:24:35', '%Y-%m-%d %H:%i:%s'));
INSERT INTO user_table (id, user_name, email, rating, password, user_city, user_country, user_state, registration_date) VALUES ('user_2', 'Jacob Gaines', 'qswanson@harris-francis.biz', 1153, 'X7UJCm!x(Z', 'Aliciaside', 'Wallis and Futuna', 'North Dakota', STR_TO_DATE('2023-06-22 13:06:43', '%Y-%m-%d %H:%i:%s'));
INSERT INTO user_table (id, user_name, email, rating, password, user_city, user_country, user_state, registration_date) VALUES ('user_3', 'Lauren Chavez', 'jwillis@king.biz', 2431, 'J+ah@9Bl78', 'Gomezchester', 'Cameroon', 'Alaska', STR_TO_DATE('2021-06-18 14:45:55', '%Y-%m-%d %H:%i:%s'));
INSERT INTO user_table (id, user_name, email, rating, password, user_city, user_country, user_state, registration_date) VALUES ('user_4', 'Holly Martinez', 'gscott@yahoo.com', 2701, '+6NWixe*)x', 'South Kim', 'Bolivia', 'Montana', STR_TO_DATE('2025-07-11 10:11:07', '%Y-%m-%d %H:%i:%s'));
INSERT INTO user_table (id, user_name, email, rating, password, user_city, user_country, user_state, registration_date) VALUES ('user_5', 'Sandra Davis', 'amandareed@montes.biz', 2864, '81kpkcIv_9', 'Rodriguezfurt', 'New Zealand', 'Vermont', STR_TO_DATE('2021-09-17 02:33:50', '%Y-%m-%d %H:%i:%s'));
INSERT INTO user_table (id, user_name, email, rating, password, user_city, user_country, user_state, registration_date) VALUES ('user_6', 'David Paul', 'zschultz@hotmail.com', 2071, '*9fKpe%Y$s', 'Jasminchester', 'Cameroon', 'Florida', STR_TO_DATE('2022-03-07 08:19:04', '%Y-%m-%d %H:%i:%s'));
INSERT INTO user_table (id, user_name, email, rating, password, user_city, user_country, user_state, registration_date) VALUES ('user_7', 'Justin George', 'sonyanelson@dominguez-adams.com', 2349, '51i5UT+pR*', 'Riveraberg', 'Tuvalu', 'Florida', STR_TO_DATE('2022-03-07 19:44:53', '%Y-%m-%d %H:%i:%s'));
INSERT INTO user_table (id, user_name, email, rating, password, user_city, user_country, user_state, registration_date) VALUES ('user_8', 'Mark Calderon', 'gailperez@shaw.com', 1754, '*5A*4yyDWQ', 'West Rachelberg', 'Pitcairn Islands', 'Oregon', STR_TO_DATE('2020-05-07 10:53:29', '%Y-%m-%d %H:%i:%s'));
INSERT INTO user_table (id, user_name, email, rating, password, user_city, user_country, user_state, registration_date) VALUES ('user_9', 'Brandon Lutz', 'john80@yahoo.com', 1958, 'Ff1*E!mw(!', 'Lake Barbarahaven', 'Lebanon', 'Oregon', STR_TO_DATE('2023-07-24 22:06:24', '%Y-%m-%d %H:%i:%s'));
INSERT INTO user_table (id, user_name, email, rating, password, user_city, user_country, user_state, registration_date) VALUES ('user_10', 'Jennifer Villanueva', 'brianromero@gmail.com', 2047, 'i68RNH*F$3', 'Flemingberg', 'Belarus', 'Pennsylvania', STR_TO_DATE('2021-03-16 22:48:34', '%Y-%m-%d %H:%i:%s'));
INSERT INTO user_table (id, user_name, email, rating, password, user_city, user_country, user_state, registration_date) VALUES ('user_11', 'Samantha Webb', 'pamela22@yahoo.com', 2142, '*6cZwRDt)h', 'Hillstad', 'Ireland', 'Montana', STR_TO_DATE('2025-02-25 02:09:55', '%Y-%m-%d %H:%i:%s'));
INSERT INTO user_table (id, user_name, email, rating, password, user_city, user_country, user_state, registration_date) VALUES ('user_12', 'Brett Maxwell', 'deckerbrenda@romero.org', 2508, '_6l5Zp+jt5', 'Perrystad', 'French Polynesia', 'Wisconsin', STR_TO_DATE('2022-11-26 04:23:55', '%Y-%m-%d %H:%i:%s'));
INSERT INTO user_table (id, user_name, email, rating, password, user_city, user_country, user_state, registration_date) VALUES ('user_13', 'Michael Reid', 'petersondaniel@jackson.com', 1101, 'N3Y+H1SaC6', 'Rossville', 'Montenegro', 'New York', STR_TO_DATE('2022-04-07 20:27:07', '%Y-%m-%d %H:%i:%s'));
INSERT INTO user_table (id, user_name, email, rating, password, user_city, user_country, user_state, registration_date) VALUES ('user_14', 'Brittany Bennett', 'delgadoshelly@miranda-contreras.com', 1345, 'w@#2gQdG!l', 'Port Amandaside', 'Central African Republic', 'Idaho', STR_TO_DATE('2023-03-13 04:58:24', '%Y-%m-%d %H:%i:%s'));
INSERT INTO user_table (id, user_name, email, rating, password, user_city, user_country, user_state, registration_date) VALUES ('user_15', 'Kayla Simmons', 'isabellavaughn@bolton.info', 1608, 'GTUNy5bw@9', 'Kayleemouth', 'Macao', 'Nebraska', STR_TO_DATE('2024-09-16 15:48:08', '%Y-%m-%d %H:%i:%s'));
INSERT INTO user_table (id, user_name, email, rating, password, user_city, user_country, user_state, registration_date) VALUES ('user_16', 'James Price', 'xmontoya@green.com', 2337, 'E97CGT!w+x', 'Moranbury', 'Montserrat', 'Florida', STR_TO_DATE('2024-09-16 22:50:25', '%Y-%m-%d %H:%i:%s'));
INSERT INTO user_table (id, user_name, email, rating, password, user_city, user_country, user_state, registration_date) VALUES ('user_17', 'Michael Miller', 'kristiebrown@sullivan.org', 2505, 'u8_2RHhc#_', 'Jasonmouth', 'Angola', 'Maine', STR_TO_DATE('2025-04-16 16:55:35', '%Y-%m-%d %H:%i:%s'));
INSERT INTO user_table (id, user_name, email, rating, password, user_city, user_country, user_state, registration_date) VALUES ('user_18', 'Lisa Fischer', 'williamskimberly@gmail.com', 2461, '#6DPntemG1', 'Port Jamesshire', 'Honduras', 'Texas', STR_TO_DATE('2024-02-06 14:48:34', '%Y-%m-%d %H:%i:%s'));
INSERT INTO user_table (id, user_name, email, rating, password, user_city, user_country, user_state, registration_date) VALUES ('user_19', 'Crystal Johnson', 'melissafaulkner@fisher.com', 2669, 'hO8AmC6oh#', 'Port William', 'Maldives', 'Mississippi', STR_TO_DATE('2021-09-04 06:56:47', '%Y-%m-%d %H:%i:%s'));
INSERT INTO user_table (id, user_name, email, rating, password, user_city, user_country, user_state, registration_date) VALUES ('user_20', 'Matthew Willis', 'rebecca70@thompson.com', 2139, '*qT*HPSq0E', 'Briannamouth', 'South Africa', 'Georgia', STR_TO_DATE('2025-01-26 02:31:03', '%Y-%m-%d %H:%i:%s'));

-- Friendships
INSERT INTO friendship (id_1, id_2) VALUES ('user_9', 'user_12');
INSERT INTO friendship (id_1, id_2) VALUES ('user_20', 'user_8');
INSERT INTO friendship (id_1, id_2) VALUES ('user_13', 'user_18');
INSERT INTO friendship (id_1, id_2) VALUES ('user_13', 'user_6');
INSERT INTO friendship (id_1, id_2) VALUES ('user_16', 'user_9');
INSERT INTO friendship (id_1, id_2) VALUES ('user_20', 'user_11');
INSERT INTO friendship (id_1, id_2) VALUES ('user_8', 'user_9');
INSERT INTO friendship (id_1, id_2) VALUES ('user_1', 'user_13');
INSERT INTO friendship (id_1, id_2) VALUES ('user_11', 'user_14');

-- Groups
INSERT INTO group_table (group_id, user_id_creator, group_name, group_type, is_private) VALUES (1, 'user_8', 'Perform Group 1', 'Hackathon', 0);
INSERT INTO group_table (group_id, user_id_creator, group_name, group_type, is_private) VALUES (2, 'user_3', 'Only Group 2', 'Project', 0);
INSERT INTO group_table (group_id, user_id_creator, group_name, group_type, is_private) VALUES (3, 'user_19', 'Today Group 3', 'Hackathon', 0);
INSERT INTO group_table (group_id, user_id_creator, group_name, group_type, is_private) VALUES (4, 'user_20', 'Fall Group 4', 'Hackathon', 1);
INSERT INTO group_table (group_id, user_id_creator, group_name, group_type, is_private) VALUES (5, 'user_17', 'Attorney Group 5', 'CP', 0);

-- User Participates in Groups
INSERT INTO user_participates_group (group_id, user_id) VALUES (1, 'user_15');
INSERT INTO user_participates_group (group_id, user_id) VALUES (1, 'user_12');
INSERT INTO user_participates_group (group_id, user_id) VALUES (1, 'user_10');
INSERT INTO user_participates_group (group_id, user_id) VALUES (1, 'user_13');
INSERT INTO user_participates_group (group_id, user_id) VALUES (2, 'user_4');
INSERT INTO user_participates_group (group_id, user_id) VALUES (2, 'user_7');
INSERT INTO user_participates_group (group_id, user_id) VALUES (2, 'user_10');
INSERT INTO user_participates_group (group_id, user_id) VALUES (2, 'user_3');
INSERT INTO user_participates_group (group_id, user_id) VALUES (3, 'user_8');
INSERT INTO user_participates_group (group_id, user_id) VALUES (3, 'user_13');
INSERT INTO user_participates_group (group_id, user_id) VALUES (3, 'user_11');
INSERT INTO user_participates_group (group_id, user_id) VALUES (4, 'user_4');
INSERT INTO user_participates_group (group_id, user_id) VALUES (4, 'user_6');
INSERT INTO user_participates_group (group_id, user_id) VALUES (4, 'user_2');
INSERT INTO user_participates_group (group_id, user_id) VALUES (4, 'user_18');
INSERT INTO user_participates_group (group_id, user_id) VALUES (4, 'user_1');
INSERT INTO user_participates_group (group_id, user_id) VALUES (4, 'user_15');
INSERT INTO user_participates_group (group_id, user_id) VALUES (5, 'user_2');
INSERT INTO user_participates_group (group_id, user_id) VALUES (5, 'user_16');
INSERT INTO user_participates_group (group_id, user_id) VALUES (5, 'user_17');
INSERT INTO user_participates_group (group_id, user_id) VALUES (5, 'user_15');

-- Contests
INSERT INTO contest_table (contest_id, group_id, user_id_creator, is_private, startTime, frozen_contest, contest_duration, contest_name) VALUES (1, 2, 'user_9', 0, STR_TO_DATE('2025-06-02 20:17:12', '%Y-%m-%d %H:%i:%s'), 0, SEC_TO_TIME(5114), 'Policy Contest 1');
INSERT INTO contest_table (contest_id, group_id, user_id_creator, is_private, startTime, frozen_contest, contest_duration, contest_name) VALUES (2, 4, 'user_15', 1, STR_TO_DATE('2025-06-02 20:17:12', '%Y-%m-%d %H:%i:%s'), 0, SEC_TO_TIME(5114), 'Street Contest 2');
INSERT INTO contest_table (contest_id, group_id, user_id_creator, is_private, startTime, frozen_contest, contest_duration, contest_name) VALUES (3, 5, 'user_18', 1, STR_TO_DATE('2025-05-31 14:54:41', '%Y-%m-%d %H:%i:%s'), 0, SEC_TO_TIME(94891), 'Herself Contest 3');
INSERT INTO contest_table (contest_id, group_id, user_id_creator, is_private, startTime, frozen_contest, contest_duration, contest_name) VALUES (4, 1, 'user_4', 0, STR_TO_DATE('2025-03-22 14:38:48', '%Y-%m-%d %H:%i:%s'), 0, SEC_TO_TIME(3060), 'Include Contest 4');
INSERT INTO contest_table (contest_id, group_id, user_id_creator, is_private, startTime, frozen_contest, contest_duration, contest_name) VALUES (5, 4, 'user_11', 1, STR_TO_DATE('2025-04-11 22:36:21', '%Y-%m-%d %H:%i:%s'), 1, SEC_TO_TIME(11456), 'Street Contest 5');

-- Gyms
INSERT INTO gym_table (contest_id, institution, original_event_name) VALUES (1, 'Johnston Inc', 'Although Open');
INSERT INTO gym_table (contest_id, institution, original_event_name) VALUES (2, 'Moreno, Garcia and Rivera', 'Worker Open');
INSERT INTO gym_table (contest_id, institution, original_event_name) VALUES (3, 'Christensen-Johnson', 'Hospital Open');

-- User Participates Contest
INSERT INTO user_participates_contest (user_id, contest_id, ranking) VALUES ('user_1', 1, 1);
INSERT INTO user_participates_contest (user_id, contest_id, ranking) VALUES ('user_20', 1, 2);
INSERT INTO user_participates_contest (user_id, contest_id, ranking) VALUES ('user_13', 1, 3);
INSERT INTO user_participates_contest (user_id, contest_id, ranking) VALUES ('user_5', 1, 4);
INSERT INTO user_participates_contest (user_id, contest_id, ranking) VALUES ('user_2', 1, 5);
INSERT INTO user_participates_contest (user_id, contest_id, ranking) VALUES ('user_13', 2, 1);
INSERT INTO user_participates_contest (user_id, contest_id, ranking) VALUES ('user_9', 2, 2);
INSERT INTO user_participates_contest (user_id, contest_id, ranking) VALUES ('user_5', 2, 3);
INSERT INTO user_participates_contest (user_id, contest_id, ranking) VALUES ('user_3', 2, 4);
INSERT INTO user_participates_contest (user_id, contest_id, ranking) VALUES ('user_15', 2, 5);
INSERT INTO user_participates_contest (user_id, contest_id, ranking) VALUES ('user_11', 2, 6);
INSERT INTO user_participates_contest (user_id, contest_id, ranking) VALUES ('user_14', 2, 7);
INSERT INTO user_participates_contest (user_id, contest_id, ranking) VALUES ('user_18', 2, 8);
INSERT INTO user_participates_contest (user_id, contest_id, ranking) VALUES ('user_2', 3, 1);
INSERT INTO user_participates_contest (user_id, contest_id, ranking) VALUES ('user_18', 3, 2);
INSERT INTO user_participates_contest (user_id, contest_id, ranking) VALUES ('user_20', 3, 3);
INSERT INTO user_participates_contest (user_id, contest_id, ranking) VALUES ('user_17', 3, 4);
INSERT INTO user_participates_contest (user_id, contest_id, ranking) VALUES ('user_2', 4, 1);
INSERT INTO user_participates_contest (user_id, contest_id, ranking) VALUES ('user_9', 4, 2);
INSERT INTO user_participates_contest (user_id, contest_id, ranking) VALUES ('user_4', 4, 3);
INSERT INTO user_participates_contest (user_id, contest_id, ranking) VALUES ('user_14', 4, 4);
INSERT INTO user_participates_contest (user_id, contest_id, ranking) VALUES ('user_3', 4, 5);
INSERT INTO user_participates_contest (user_id, contest_id, ranking) VALUES ('user_1', 5, 1);
INSERT INTO user_participates_contest (user_id, contest_id, ranking) VALUES ('user_16', 5, 2);
INSERT INTO user_participates_contest (user_id, contest_id, ranking) VALUES ('user_5', 5, 3);
INSERT INTO user_participates_contest (user_id, contest_id, ranking) VALUES ('user_9', 5, 4);
INSERT INTO user_participates_contest (user_id, contest_id, ranking) VALUES ('user_7', 5, 5);

-- Problems
INSERT INTO problem_table (problem_id, difficulty, problem_index, points, solved_count, problem_statement) 
VALUES (1, 'hard', 58, 299, 2, 'Lorem ipsum dolor sit amet, consectetur adipiscing elit. Sed do eiusmod tempor incididunt ut labore et dolore magna aliqua. Ut enim ad minim veniam.');
INSERT INTO problem_table (problem_id, difficulty, problem_index, points, solved_count, problem_statement) 
VALUES (2, 'hard', 35, 233, 1, 'Lorem ipsum dolor sit amet, consectetur adipiscing elit. Pellentesque imperdiet sem vel erat dictum, vel varius nisl tempus. Integer vitae mauris eu nunc.');
INSERT INTO problem_table (problem_id, difficulty, problem_index, points, solved_count, problem_statement) 
VALUES (3, 'hard', 32, 225, 1, 'Lorem ipsum dolor sit amet, consectetur adipiscing elit. Suspendisse potenti. Vivamus dapibus massa non justo accumsan, ut tincidunt nisl euismod.');
INSERT INTO problem_table (problem_id, difficulty, problem_index, points, solved_count, problem_statement) 
VALUES (4, 'hard', 76, 189, 4, 'Lorem ipsum dolor sit amet, consectetur adipiscing elit. Vestibulum ante ipsum primis in faucibus orci luctus et ultrices posuere cubilia curae.');
INSERT INTO problem_table (problem_id, difficulty, problem_index, points, solved_count, problem_statement) 
VALUES (5, 'medium', 78, 457, 4, 'Lorem ipsum dolor sit amet, consectetur adipiscing elit. Nullam ut facilisis nulla. Maecenas porta, tortor id convallis sagittis, justo lorem dignissim elit.');
INSERT INTO problem_table (problem_id, difficulty, problem_index, points, solved_count, problem_statement) 
VALUES (6, 'hard', 67, 131, 4, 'Lorem ipsum dolor sit amet, consectetur adipiscing elit. Curabitur nec semper lorem. Vivamus aliquam fringilla metus, at tristique ex efficitur eget.');
INSERT INTO problem_table (problem_id, difficulty, problem_index, points, solved_count, problem_statement) 
VALUES (7, 'hard', 53, 375, 0, 'Lorem ipsum dolor sit amet, consectetur adipiscing elit. Sed ut perspiciatis unde omnis iste natus error sit voluptatem accusantium doloremque laudantium.');
INSERT INTO problem_table (problem_id, difficulty, problem_index, points, solved_count, problem_statement) 
VALUES (8, 'hard', 69, 317, 1, 'Lorem ipsum dolor sit amet, consectetur adipiscing elit. Nunc posuere, est at bibendum hendrerit, purus eros luctus erat, vel pretium justo purus vel erat.');
INSERT INTO problem_table (problem_id, difficulty, problem_index, points, solved_count, problem_statement) 
VALUES (9, 'easy', 92, 236, 4, 'Lorem ipsum dolor sit amet, consectetur adipiscing elit. Fusce efficitur, justo at congue rutrum, tellus libero fermentum justo, vitae tincidunt libero.');
INSERT INTO problem_table (problem_id, difficulty, problem_index, points, solved_count, problem_statement) 
VALUES (10, 'hard', 93, 485, 4, 'Lorem ipsum dolor sit amet, consectetur adipiscing elit. Proin ac lobortis mauris. Integer varius leo vel nibh gravida, at feugiat orci tincidunt.');
INSERT INTO problem_table (problem_id, difficulty, problem_index, points, solved_count, problem_statement) 
VALUES (11, 'hard', 95, 111, 0, 'Problema com problema! Falta algo!');
INSERT INTO problem_table (problem_id, difficulty, problem_index, points, solved_count, problem_statement) 
VALUES (12, 'hard', 100, 10, 0, 'Problema teste no banco, cadastrado com problema!');

-- Problem Supported Languages
INSERT INTO problem_supported_languages (problem_id, supported_language) VALUES (1, 'C++');
INSERT INTO problem_supported_languages (problem_id, supported_language) VALUES (1, 'Python');
INSERT INTO problem_supported_languages (problem_id, supported_language) VALUES (1, 'JavaScript');
INSERT INTO problem_supported_languages (problem_id, supported_language) VALUES (2, 'C++');
INSERT INTO problem_supported_languages (problem_id, supported_language) VALUES (2, 'JavaScript');
INSERT INTO problem_supported_languages (problem_id, supported_language) VALUES (3, 'Python');
INSERT INTO problem_supported_languages (problem_id, supported_language) VALUES (3, 'Go');
INSERT INTO problem_supported_languages (problem_id, supported_language) VALUES (4, 'JavaScript');
INSERT INTO problem_supported_languages (problem_id, supported_language) VALUES (4, 'Java');
INSERT INTO problem_supported_languages (problem_id, supported_language) VALUES (4, 'Python');
INSERT INTO problem_supported_languages (problem_id, supported_language) VALUES (4, 'C++');
INSERT INTO problem_supported_languages (problem_id, supported_language) VALUES (5, 'C++');
INSERT INTO problem_supported_languages (problem_id, supported_language) VALUES (5, 'Python');
INSERT INTO problem_supported_languages (problem_id, supported_language) VALUES (6, 'C++');
INSERT INTO problem_supported_languages (problem_id, supported_language) VALUES (6, 'JavaScript');
INSERT INTO problem_supported_languages (problem_id, supported_language) VALUES (6, 'Java');
INSERT INTO problem_supported_languages (problem_id, supported_language) VALUES (7, 'Python');
INSERT INTO problem_supported_languages (problem_id, supported_language) VALUES (7, 'Java');
INSERT INTO problem_supported_languages (problem_id, supported_language) VALUES (7, 'Go');
INSERT INTO problem_supported_languages (problem_id, supported_language) VALUES (8, 'Java');
INSERT INTO problem_supported_languages (problem_id, supported_language) VALUES (8, 'Python');
INSERT INTO problem_supported_languages (problem_id, supported_language) VALUES (8, 'C++');
INSERT INTO problem_supported_languages (problem_id, supported_language) VALUES (9, 'JavaScript');
INSERT INTO problem_supported_languages (problem_id, supported_language) VALUES (9, 'Python');
INSERT INTO problem_supported_languages (problem_id, supported_language) VALUES (10, 'Java');
INSERT INTO problem_supported_languages (problem_id, supported_language) VALUES (10, 'Go');
INSERT INTO problem_supported_languages (problem_id, supported_language) VALUES (10, 'JavaScript');
INSERT INTO problem_supported_languages (problem_id, supported_language) VALUES (10, 'Python');

-- Verdicts
INSERT INTO verdict_table (verdict_id) VALUES (1);
INSERT INTO verdict_table (verdict_id) VALUES (2);
INSERT INTO verdict_table (verdict_id) VALUES (3);
INSERT INTO verdict_table (verdict_id) VALUES (4);
INSERT INTO verdict_table (verdict_id) VALUES (5);

-- Submissions
INSERT INTO submission_table (submission_id, problem_id, user_id, submission_time, submission_language, time_consumed, points) VALUES (1, 5, 'user_13', STR_TO_DATE('2025-05-04 03:42:17', '%Y-%m-%d %H:%i:%s'), 'Python', SEC_TO_TIME(88073), 125);
INSERT INTO submission_table (submission_id, problem_id, user_id, submission_time, submission_language, time_consumed, points) VALUES (2, 9, 'user_18', STR_TO_DATE('2025-01-15 09:37:25', '%Y-%m-%d %H:%i:%s'), 'C++', SEC_TO_TIME(95570), 200);
INSERT INTO submission_table (submission_id, problem_id, user_id, submission_time, submission_language, time_consumed, points) VALUES (3, 10, 'user_16', STR_TO_DATE('2025-01-15 03:54:55', '%Y-%m-%d %H:%i:%s'), 'C++', SEC_TO_TIME(12815), 368);
INSERT INTO submission_table (submission_id, problem_id, user_id, submission_time, submission_language, time_consumed, points) VALUES (4, 10, 'user_17', STR_TO_DATE('2025-06-24 00:42:37', '%Y-%m-%d %H:%i:%s'), 'Go', SEC_TO_TIME(10030), 102);
INSERT INTO submission_table (submission_id, problem_id, user_id, submission_time, submission_language, time_consumed, points) VALUES (5, 6, 'user_13', STR_TO_DATE('2025-05-04 04:18:34', '%Y-%m-%d %H:%i:%s'), 'Go', SEC_TO_TIME(87182), 64);
INSERT INTO submission_table (submission_id, problem_id, user_id, submission_time, submission_language, time_consumed, points) VALUES (6, 10, 'user_3', STR_TO_DATE('2025-01-17 06:21:22', '%Y-%m-%d %H:%i:%s'), 'Python', SEC_TO_TIME(102026), 152);
INSERT INTO submission_table (submission_id, problem_id, user_id, submission_time, submission_language, time_consumed, points) VALUES (7, 6, 'user_12', STR_TO_DATE('2025-06-14 11:58:08', '%Y-%m-%d %H:%i:%s'), 'Java', SEC_TO_TIME(102720), 269);
INSERT INTO submission_table (submission_id, problem_id, user_id, submission_time, submission_language, time_consumed, points) VALUES (8, 2, 'user_5', STR_TO_DATE('2025-04-08 18:39:47', '%Y-%m-%d %H:%i:%s'), 'JavaScript', SEC_TO_TIME(95764), 231);
INSERT INTO submission_table (submission_id, problem_id, user_id, submission_time, submission_language, time_consumed, points) VALUES (9, 5, 'user_16', STR_TO_DATE('2025-03-28 15:29:11', '%Y-%m-%d %H:%i:%s'), 'JavaScript', SEC_TO_TIME(100376), 473);
INSERT INTO submission_table (submission_id, problem_id, user_id, submission_time, submission_language, time_consumed, points) VALUES (10, 2, 'user_19', STR_TO_DATE('2025-03-06 22:48:11', '%Y-%m-%d %H:%i:%s'), 'Python', SEC_TO_TIME(2011), 294);
INSERT INTO submission_table (submission_id, problem_id, user_id, submission_time, submission_language, time_consumed, points) VALUES (11, 5, 'user_8', STR_TO_DATE('2025-04-08 02:32:19', '%Y-%m-%d %H:%i:%s'), 'Go', SEC_TO_TIME(96701), 189);
INSERT INTO submission_table (submission_id, problem_id, user_id, submission_time, submission_language, time_consumed, points) VALUES (12, 7, 'user_10', STR_TO_DATE('2025-06-28 11:20:13', '%Y-%m-%d %H:%i:%s'), 'JavaScript', SEC_TO_TIME(102730), 14);
INSERT INTO submission_table (submission_id, problem_id, user_id, submission_time, submission_language, time_consumed, points) VALUES (13, 3, 'user_9', STR_TO_DATE('2025-06-07 08:29:25', '%Y-%m-%d %H:%i:%s'), 'C++', SEC_TO_TIME(709), 210);
INSERT INTO submission_table (submission_id, problem_id, user_id, submission_time, submission_language, time_consumed, points) VALUES (14, 10, 'user_2', STR_TO_DATE('2025-04-16 15:37:12', '%Y-%m-%d %H:%i:%s'), 'Python', SEC_TO_TIME(87196), 34);
INSERT INTO submission_table (submission_id, problem_id, user_id, submission_time, submission_language, time_consumed, points) VALUES (15, 10, 'user_17', STR_TO_DATE('2025-01-01 15:52:24', '%Y-%m-%d %H:%i:%s'), 'Python', SEC_TO_TIME(6113), 88);
INSERT INTO submission_table (submission_id, problem_id, user_id, submission_time, submission_language, time_consumed, points) VALUES (16, 9, 'user_14', STR_TO_DATE('2025-06-29 03:36:03', '%Y-%m-%d %H:%i:%s'), 'Python', SEC_TO_TIME(99951), 145);
INSERT INTO submission_table (submission_id, problem_id, user_id, submission_time, submission_language, time_consumed, points) VALUES (17, 4, 'user_7', STR_TO_DATE('2025-01-29 04:57:54', '%Y-%m-%d %H:%i:%s'), 'Go', SEC_TO_TIME(91648), 345);
INSERT INTO submission_table (submission_id, problem_id, user_id, submission_time, submission_language, time_consumed, points) VALUES (18, 6, 'user_18', STR_TO_DATE('2025-06-26 16:14:29', '%Y-%m-%d %H:%i:%s'), 'C++', SEC_TO_TIME(89573), 499);
INSERT INTO submission_table (submission_id, problem_id, user_id, submission_time, submission_language, time_consumed, points) VALUES (19, 5, 'user_14', STR_TO_DATE('2025-03-05 02:44:57', '%Y-%m-%d %H:%i:%s'), 'C++', SEC_TO_TIME(17364), 263);
INSERT INTO submission_table (submission_id, problem_id, user_id, submission_time, submission_language, time_consumed, points) VALUES (20, 8, 'user_3', STR_TO_DATE('2025-03-05 01:41:19', '%Y-%m-%d %H:%i:%s'), 'JavaScript', SEC_TO_TIME(87774), 234);
INSERT INTO submission_table (submission_id, problem_id, user_id, submission_time, submission_language, time_consumed, points) VALUES (21, 1, 'user_7', STR_TO_DATE('2025-02-11 13:01:13', '%Y-%m-%d %H:%i:%s'), 'Java', SEC_TO_TIME(14872), 154);
INSERT INTO submission_table (submission_id, problem_id, user_id, submission_time, submission_language, time_consumed, points) VALUES (22, 9, 'user_11', STR_TO_DATE('2025-01-29 09:04:42', '%Y-%m-%d %H:%i:%s'), 'Go', SEC_TO_TIME(102394), 481);
INSERT INTO submission_table (submission_id, problem_id, user_id, submission_time, submission_language, time_consumed, points) VALUES (23, 9, 'user_14', STR_TO_DATE('2025-01-29 23:42:32', '%Y-%m-%d %H:%i:%s'), 'Go', SEC_TO_TIME(98348), 259);
INSERT INTO submission_table (submission_id, problem_id, user_id, submission_time, submission_language, time_consumed, points) VALUES (24, 8, 'user_19', STR_TO_DATE('2025-04-23 15:56:43', '%Y-%m-%d %H:%i:%s'), 'C++', SEC_TO_TIME(9600), 217);
INSERT INTO submission_table (submission_id, problem_id, user_id, submission_time, submission_language, time_consumed, points) VALUES (25, 10, 'user_2', STR_TO_DATE('2025-01-29 18:44:15', '%Y-%m-%d %H:%i:%s'), 'Java', SEC_TO_TIME(98339), 337);
INSERT INTO submission_table (submission_id, problem_id, user_id, submission_time, submission_language, time_consumed, points) VALUES (26, 1, 'user_3', STR_TO_DATE('2025-04-25 11:39:50', '%Y-%m-%d %H:%i:%s'), 'Python', SEC_TO_TIME(11849), 139);
INSERT INTO submission_table (submission_id, problem_id, user_id, submission_time, submission_language, time_consumed, points) VALUES (27, 6, 'user_16', STR_TO_DATE('2025-01-21 22:47:19', '%Y-%m-%d %H:%i:%s'), 'Java', SEC_TO_TIME(100267), 247);
INSERT INTO submission_table (submission_id, problem_id, user_id, submission_time, submission_language, time_consumed, points) VALUES (28, 6, 'user_5', STR_TO_DATE('2025-03-20 10:40:00', '%Y-%m-%d %H:%i:%s'), 'JavaScript', SEC_TO_TIME(712), 133);
INSERT INTO submission_table (submission_id, problem_id, user_id, submission_time, submission_language, time_consumed, points) VALUES (29, 6, 'user_5', STR_TO_DATE('2025-03-03 14:15:49', '%Y-%m-%d %H:%i:%s'), 'Go', SEC_TO_TIME(98192), 147);
INSERT INTO submission_table (submission_id, problem_id, user_id, submission_time, submission_language, time_consumed, points) VALUES (30, 7, 'user_9', STR_TO_DATE('2025-06-18 07:33:19', '%Y-%m-%d %H:%i:%s'), 'JavaScript', SEC_TO_TIME(98025), 424);
INSERT INTO submission_table (submission_id, problem_id, user_id, submission_time, submission_language, time_consumed, points) VALUES (31, 8, 'user_13', STR_TO_DATE('2025-04-09 18:26:15', '%Y-%m-%d %H:%i:%s'), 'JavaScript', SEC_TO_TIME(493), 494);
INSERT INTO submission_table (submission_id, problem_id, user_id, submission_time, submission_language, time_consumed, points) VALUES (32, 3, 'user_8', STR_TO_DATE('2025-03-23 17:20:42', '%Y-%m-%d %H:%i:%s'), 'Python', SEC_TO_TIME(7770), 396);
INSERT INTO submission_table (submission_id, problem_id, user_id, submission_time, submission_language, time_consumed, points) VALUES (33, 2, 'user_13', STR_TO_DATE('2025-06-09 12:22:41', '%Y-%m-%d %H:%i:%s'), 'C++', SEC_TO_TIME(1659), 488);
INSERT INTO submission_table (submission_id, problem_id, user_id, submission_time, submission_language, time_consumed, points) VALUES (34, 1, 'user_18', STR_TO_DATE('2025-03-11 21:52:18', '%Y-%m-%d %H:%i:%s'), 'C++', SEC_TO_TIME(93821), 496);
INSERT INTO submission_table (submission_id, problem_id, user_id, submission_time, submission_language, time_consumed, points) VALUES (35, 2, 'user_18', STR_TO_DATE('2025-03-08 07:06:53', '%Y-%m-%d %H:%i:%s'), 'JavaScript', SEC_TO_TIME(9797), 91);
INSERT INTO submission_table (submission_id, problem_id, user_id, submission_time, submission_language, time_consumed, points) VALUES (36, 8, 'user_2', STR_TO_DATE('2025-06-15 10:00:01', '%Y-%m-%d %H:%i:%s'), 'C++', SEC_TO_TIME(11262), 229);
INSERT INTO submission_table (submission_id, problem_id, user_id, submission_time, submission_language, time_consumed, points) VALUES (37, 5, 'user_17', STR_TO_DATE('2025-02-20 10:38:00', '%Y-%m-%d %H:%i:%s'), 'JavaScript', SEC_TO_TIME(88734), 245);
INSERT INTO submission_table (submission_id, problem_id, user_id, submission_time, submission_language, time_consumed, points) VALUES (38, 2, 'user_5', STR_TO_DATE('2025-04-29 05:23:19', '%Y-%m-%d %H:%i:%s'), 'JavaScript', SEC_TO_TIME(5596), 213);
INSERT INTO submission_table (submission_id, problem_id, user_id, submission_time, submission_language, time_consumed, points) VALUES (39, 9, 'user_10', STR_TO_DATE('2025-03-13 13:15:48', '%Y-%m-%d %H:%i:%s'), 'JavaScript', SEC_TO_TIME(15715), 248);
INSERT INTO submission_table (submission_id, problem_id, user_id, submission_time, submission_language, time_consumed, points) VALUES (40, 2, 'user_1', STR_TO_DATE('2025-01-08 07:14:15', '%Y-%m-%d %H:%i:%s'), 'Java', SEC_TO_TIME(88480), 225);

-- Submission Problem
INSERT INTO submission_problem (submission_id, problem_id, verdict_id, status_submission_problem) VALUES (1, 5, 1, 'Wrong Answer');
INSERT INTO submission_problem (submission_id, problem_id, verdict_id, status_submission_problem) VALUES (2, 9, 3, 'TLE');
INSERT INTO submission_problem (submission_id, problem_id, verdict_id, status_submission_problem) VALUES (3, 4, 4, 'Wrong Answer');
INSERT INTO submission_problem (submission_id, problem_id, verdict_id, status_submission_problem) VALUES (4, 3, 3, 'Wrong Answer');
INSERT INTO submission_problem (submission_id, problem_id, verdict_id, status_submission_problem) VALUES (5, 7, 5, 'Accepted');
INSERT INTO submission_problem (submission_id, problem_id, verdict_id, status_submission_problem) VALUES (6, 9, 5, 'Wrong Answer');
INSERT INTO submission_problem (submission_id, problem_id, verdict_id, status_submission_problem) VALUES (7, 7, 3, 'TLE');
INSERT INTO submission_problem (submission_id, problem_id, verdict_id, status_submission_problem) VALUES (8, 8, 3, 'TLE');
INSERT INTO submission_problem (submission_id, problem_id, verdict_id, status_submission_problem) VALUES (9, 8, 2, 'Runtime Error');
INSERT INTO submission_problem (submission_id, problem_id, verdict_id, status_submission_problem) VALUES (10, 6, 5, 'Runtime Error');
INSERT INTO submission_problem (submission_id, problem_id, verdict_id, status_submission_problem) VALUES (11, 4, 3, 'Wrong Answer');
INSERT INTO submission_problem (submission_id, problem_id, verdict_id, status_submission_problem) VALUES (12, 10, 2, 'Runtime Error');
INSERT INTO submission_problem (submission_id, problem_id, verdict_id, status_submission_problem) VALUES (13, 9, 2, 'Accepted');
INSERT INTO submission_problem (submission_id, problem_id, verdict_id, status_submission_problem) VALUES (14, 9, 3, 'Wrong Answer');
INSERT INTO submission_problem (submission_id, problem_id, verdict_id, status_submission_problem) VALUES (15, 4, 3, 'Runtime Error');
INSERT INTO submission_problem (submission_id, problem_id, verdict_id, status_submission_problem) VALUES (16, 8, 3, 'Accepted');
INSERT INTO submission_problem (submission_id, problem_id, verdict_id, status_submission_problem) VALUES (17, 3, 2, 'TLE');
INSERT INTO submission_problem (submission_id, problem_id, verdict_id, status_submission_problem) VALUES (18, 4, 1, 'Accepted');
INSERT INTO submission_problem (submission_id, problem_id, verdict_id, status_submission_problem) VALUES (19, 10, 2, 'Accepted');
INSERT INTO submission_problem (submission_id, problem_id, verdict_id, status_submission_problem) VALUES (20, 4, 5, 'Wrong Answer');
INSERT INTO submission_problem (submission_id, problem_id, verdict_id, status_submission_problem) VALUES (21, 9, 5, 'TLE');
INSERT INTO submission_problem (submission_id, problem_id, verdict_id, status_submission_problem) VALUES (22, 7, 3, 'Accepted');
INSERT INTO submission_problem (submission_id, problem_id, verdict_id, status_submission_problem) VALUES (23, 1, 3, 'Wrong Answer');
INSERT INTO submission_problem (submission_id, problem_id, verdict_id, status_submission_problem) VALUES (24, 2, 2, 'TLE');
INSERT INTO submission_problem (submission_id, problem_id, verdict_id, status_submission_problem) VALUES (25, 6, 3, 'Runtime Error');
INSERT INTO submission_problem (submission_id, problem_id, verdict_id, status_submission_problem) VALUES (26, 1, 1, 'TLE');
INSERT INTO submission_problem (submission_id, problem_id, verdict_id, status_submission_problem) VALUES (27, 6, 2, 'Accepted');
INSERT INTO submission_problem (submission_id, problem_id, verdict_id, status_submission_problem) VALUES (28, 5, 2, 'Accepted');
INSERT INTO submission_problem (submission_id, problem_id, verdict_id, status_submission_problem) VALUES (29, 6, 1, 'Accepted');
INSERT INTO submission_problem (submission_id, problem_id, verdict_id, status_submission_problem) VALUES (30, 2, 3, 'TLE');
INSERT INTO submission_problem (submission_id, problem_id, verdict_id, status_submission_problem) VALUES (31, 4, 3, 'Accepted');
INSERT INTO submission_problem (submission_id, problem_id, verdict_id, status_submission_problem) VALUES (32, 6, 1, 'Accepted');
INSERT INTO submission_problem (submission_id, problem_id, verdict_id, status_submission_problem) VALUES (33, 3, 4, 'TLE');
INSERT INTO submission_problem (submission_id, problem_id, verdict_id, status_submission_problem) VALUES (34, 4, 1, 'TLE');
INSERT INTO submission_problem (submission_id, problem_id, verdict_id, status_submission_problem) VALUES (35, 5, 1, 'TLE');
INSERT INTO submission_problem (submission_id, problem_id, verdict_id, status_submission_problem) VALUES (36, 2, 3, 'Wrong Answer');
INSERT INTO submission_problem (submission_id, problem_id, verdict_id, status_submission_problem) VALUES (37, 10, 3, 'Runtime Error');
INSERT INTO submission_problem (submission_id, problem_id, verdict_id, status_submission_problem) VALUES (38, 2, 5, 'Runtime Error');
INSERT INTO submission_problem (submission_id, problem_id, verdict_id, status_submission_problem) VALUES (39, 10, 4, 'Runtime Error');
INSERT INTO submission_problem (submission_id, problem_id, verdict_id, status_submission_problem) VALUES (40, 5, 2, 'TLE');

-- Contest Faz Parte
INSERT INTO contest_fazParte (contest_id, submission_id, problem_id) VALUES (1, 36, 2);
INSERT INTO contest_fazParte (contest_id, submission_id, problem_id) VALUES (1, 4, 3);
INSERT INTO contest_fazParte (contest_id, submission_id, problem_id) VALUES (1, 33, 3);
INSERT INTO contest_fazParte (contest_id, submission_id, problem_id) VALUES (2, 12, 10);
INSERT INTO contest_fazParte (contest_id, submission_id, problem_id) VALUES (2, 14, 9);
INSERT INTO contest_fazParte (contest_id, submission_id, problem_id) VALUES (2, 18, 4);
INSERT INTO contest_fazParte (contest_id, submission_id, problem_id) VALUES (3, 2, 9);
INSERT INTO contest_fazParte (contest_id, submission_id, problem_id) VALUES (3, 35, 5);
INSERT INTO contest_fazParte (contest_id, submission_id, problem_id) VALUES (3, 34, 4);
INSERT INTO contest_fazParte (contest_id, submission_id, problem_id) VALUES (4, 31, 4);
INSERT INTO contest_fazParte (contest_id, submission_id, problem_id) VALUES (4, 26, 1);
INSERT INTO contest_fazParte (contest_id, submission_id, problem_id) VALUES (4, 24, 2);
INSERT INTO contest_fazParte (contest_id, submission_id, problem_id) VALUES (5, 35, 5);
INSERT INTO contest_fazParte (contest_id, submission_id, problem_id) VALUES (5, 39, 10);
INSERT INTO contest_fazParte (contest_id, submission_id, problem_id) VALUES (5, 37, 10);

-- Blog Entries and Comments
INSERT INTO blog_comment (comment_id, comment_id_pai) VALUES (1, NULL);
INSERT INTO blog_comment (comment_id, comment_id_pai) VALUES (2, NULL);
INSERT INTO blog_comment (comment_id, comment_id_pai) VALUES (3, NULL);
INSERT INTO blog_comment (comment_id, comment_id_pai) VALUES (4, NULL);
INSERT INTO blog_comment (comment_id, comment_id_pai) VALUES (5, NULL);
INSERT INTO blog_comment (comment_id, comment_id_pai) VALUES (6, NULL);
INSERT INTO blog_comment (comment_id, comment_id_pai) VALUES (7, NULL);
INSERT INTO blog_comment (comment_id, comment_id_pai) VALUES (8, NULL);
INSERT INTO blog_comment (comment_id, comment_id_pai) VALUES (9, NULL);
INSERT INTO blog_comment (comment_id, comment_id_pai) VALUES (10, NULL);
INSERT INTO blog_comment (comment_id, comment_id_pai) VALUES (11, NULL);
INSERT INTO blog_comment (comment_id, comment_id_pai) VALUES (12, NULL);
INSERT INTO blog_comment (comment_id, comment_id_pai) VALUES (13, NULL);
INSERT INTO blog_comment (comment_id, comment_id_pai) VALUES (14, NULL);
INSERT INTO blog_comment (comment_id, comment_id_pai) VALUES (15, NULL);
INSERT INTO blog_comment (comment_id, comment_id_pai) VALUES (16, NULL);
INSERT INTO blog_comment (comment_id, comment_id_pai) VALUES (17, NULL);
INSERT INTO blog_comment (comment_id, comment_id_pai) VALUES (18, NULL);
INSERT INTO blog_comment (comment_id, comment_id_pai) VALUES (19, NULL);
INSERT INTO blog_comment (comment_id, comment_id_pai) VALUES (20, NULL);
INSERT INTO blog_entry (entry_id, user_id, title) VALUES (1, 'user_1', 'Should east.');
INSERT INTO blog_entry_comment (blog_entry_id, comment_id, user_id) VALUES (1, 20, 'user_10');
INSERT INTO blog_entry_comment (blog_entry_id, comment_id, user_id) VALUES (1, 15, 'user_5');
INSERT INTO blog_entry_comment (blog_entry_id, comment_id, user_id) VALUES (1, 5, 'user_3');
INSERT INTO blog_entry (entry_id, user_id, title) VALUES (2, 'user_19', 'Senior however exist.');
INSERT INTO blog_entry_comment (blog_entry_id, comment_id, user_id) VALUES (2, 5, 'user_7');
INSERT INTO blog_entry_comment (blog_entry_id, comment_id, user_id) VALUES (2, 16, 'user_11');
INSERT INTO blog_entry_comment (blog_entry_id, comment_id, user_id) VALUES (2, 12, 'user_10');
INSERT INTO blog_entry (entry_id, user_id, title) VALUES (3, 'user_6', 'Base remember toward weight including.');
INSERT INTO blog_entry_comment (blog_entry_id, comment_id, user_id) VALUES (3, 5, 'user_13');
INSERT INTO blog_entry_comment (blog_entry_id, comment_id, user_id) VALUES (3, 15, 'user_13');
INSERT INTO blog_entry_comment (blog_entry_id, comment_id, user_id) VALUES (3, 4, 'user_20');
INSERT INTO blog_entry (entry_id, user_id, title) VALUES (4, 'user_5', 'Executive risk enjoy.');
INSERT INTO blog_entry_comment (blog_entry_id, comment_id, user_id) VALUES (4, 9, 'user_10');
INSERT INTO blog_entry_comment (blog_entry_id, comment_id, user_id) VALUES (4, 20, 'user_1');
INSERT INTO blog_entry_comment (blog_entry_id, comment_id, user_id) VALUES (4, 18, 'user_1');
INSERT INTO blog_entry (entry_id, user_id, title) VALUES (5, 'user_5', 'Better return another.');
INSERT INTO blog_entry_comment (blog_entry_id, comment_id, user_id) VALUES (5, 13, 'user_18');
INSERT INTO blog_entry_comment (blog_entry_id, comment_id, user_id) VALUES (5, 4, 'user_15');
INSERT INTO blog_entry_comment (blog_entry_id, comment_id, user_id) VALUES (5, 1, 'user_14');

-- Test Cases and Solutions
INSERT INTO solution (problem_id) VALUES (1);
INSERT INTO test_case (test_case_disc, problem_id, test_case_input, test_case_output) VALUES ('Test case 1', 1, '23 3 4', '4');
INSERT INTO test_case (test_case_disc, problem_id, test_case_input, test_case_output) VALUES ('Test case 2', 1, '2 1 6', '6');
INSERT INTO solution (problem_id) VALUES (2);
INSERT INTO test_case (test_case_disc, problem_id, test_case_input, test_case_output) VALUES ('Test case 3', 2, '2 3 4 9 10', '10');
INSERT INTO test_case (test_case_disc, problem_id, test_case_input, test_case_output) VALUES ('Test case 4', 2, '1 3 4 98', '1');
INSERT INTO solution (problem_id) VALUES (3);
INSERT INTO test_case (test_case_disc, problem_id, test_case_input, test_case_output) VALUES ('Test case 1', 3, '1 44 3 0', '2');
INSERT INTO test_case (test_case_disc, problem_id, test_case_input, test_case_output) VALUES ('Test case 3', 3, '90 22 33', '11');
INSERT INTO solution (problem_id) VALUES (4);
INSERT INTO test_case (test_case_disc, problem_id, test_case_input, test_case_output) VALUES ('Test case 1', 4, '10 a b', 'ab');
INSERT INTO test_case (test_case_disc, problem_id, test_case_input, test_case_output) VALUES ('Test case 4', 4, '12 a i o', 'ai');
INSERT INTO solution (problem_id) VALUES (5);
INSERT INTO test_case (test_case_disc, problem_id, test_case_input, test_case_output) VALUES ('Test case 2', 5, '2 a b', '12');
INSERT INTO test_case (test_case_disc, problem_id, test_case_input, test_case_output) VALUES ('Test case 3', 5, '5 2 1 2 3', '1');
INSERT INTO solution (problem_id) VALUES (6);
INSERT INTO test_case (test_case_disc, problem_id, test_case_input, test_case_output) VALUES ('Test case 2', 6, '256 64 23', '23');
INSERT INTO test_case (test_case_disc, problem_id, test_case_input, test_case_output) VALUES ('Test case 4', 6, '1231 123123 22', '22');
INSERT INTO solution (problem_id) VALUES (7);
INSERT INTO test_case (test_case_disc, problem_id, test_case_input, test_case_output) VALUES ('Test case 1', 7, '12313 3333', '3');
INSERT INTO test_case (test_case_disc, problem_id, test_case_input, test_case_output) VALUES ('Test case 2', 7, '2132312', '1');
INSERT INTO solution (problem_id) VALUES (8);
INSERT INTO test_case (test_case_disc, problem_id, test_case_input, test_case_output) VALUES ('Test case 3', 8, '121 222', '121');
INSERT INTO test_case (test_case_disc, problem_id, test_case_input, test_case_output) VALUES ('Test case 4', 8, '123 2323 2323 2444', '4');
INSERT INTO solution (problem_id) VALUES (9);
INSERT INTO test_case (test_case_disc, problem_id, test_case_input, test_case_output) VALUES ('Test case 2', 9, '12 555 666 44', '2');
INSERT INTO test_case (test_case_disc, problem_id, test_case_input, test_case_output) VALUES ('Test case 3', 9, '122 333 45555', '5');
INSERT INTO solution (problem_id) VALUES (10);
INSERT INTO test_case (test_case_disc, problem_id, test_case_input, test_case_output) VALUES ('Test case 1', 10, '12 33 55', '1');
INSERT INTO test_case (test_case_disc, problem_id, test_case_input, test_case_output) VALUES ('Test case 4', 10, '242 33 65 128', '128');